barcode	count	fraction	has_deletion	has_N
A----ATAGGCTAGAA	4	0.2857142857142857	True	False
AGT-GATAATGTAGTG	1	0.07142857142857142	True	False
AG-CTAGC-CCTAGTC	1	0.07142857142857142	True	False
ATTCAAACCGCTTGAC	1	0.07142857142857142	False	False
AGTC-AAAGG-T-GAC	1	0.07142857142857142	True	False
CATTGCTTTGATACTC	1	0.07142857142857142	False	False
AGTAGTTGGGATA--A	1	0.07142857142857142	True	False
A-T-GCTCGGCTA-TT	1	0.07142857142857142	True	False
A----ATAGGCTATTC	1	0.07142857142857142	True	False
CGCCG-TTGAACAGTC	1	0.07142857142857142	True	False
AGTCGA--GGATTGTT	1	0.07142857142857142	True	False
